{
  "graph_settings": {
    "position": {
      "x": 11.663572558900254,
      "y": 15.268354492996478
    },
    "scale": 0.5608315726549122
  },
  "node_coordinates": {
    "1": {
      "x": -167.1302307755589,
      "y": -90.86382453489372
    },
    "2": {
      "x": 68.37375139146643,
      "y": 210.35937696092822
    },
    "3": {
      "x": 548.6021734331404,
      "y": -165.48930177971047
    },
    "4": {
      "x": 643.4245542921146,
      "y": 283.26833255973816
    },
    "5": {
      "x": -287.8633009382982,
      "y": -188.4330591556535
    },
    "6": {
      "x": -274.4025195854602,
      "y": -208.87925598708668
    },
    "7": {
      "x": -297.7209788604168,
      "y": -140.62475817022727
    },
    "8": {
      "x": 4.420837125981123,
      "y": -212.44270659624848
    },
    "9": {
      "x": 72.98290854649325,
      "y": -118.65417795429168
    },
    "10": {
      "x": -114.6378755659893,
      "y": 88.48986651259148
    },
    "11": {
      "x": 360.05773031578195,
      "y": 202.7862789998788
    },
    "12": {
      "x": 346.43964935875215,
      "y": -107.34242526273718
    },
    "13": {
      "x": 660.5085659312538,
      "y": -257.5177774094499
    },
    "14": {
      "x": 352.41345929768363,
      "y": -201.90500829844711
    },
    "15": {
      "x": 501.82306957953506,
      "y": 141.32926437093857
    },
    "16": {
      "x": -158.61232778858923,
      "y": -243.57350747259215
    },
    "17": {
      "x": 90.23747523064523,
      "y": -346.56652932302285
    },
    "18": {
      "x": 36.05965616770453,
      "y": -355.59812684888965
    },
    "19": {
      "x": -21.903572049215967,
      "y": 37.87290007246615
    },
    "20": {
      "x": -103.08355780609477,
      "y": -53.048374950310844
    },
    "21": {
      "x": 199.67720621678484,
      "y": -56.656198635595544
    },
    "22": {
      "x": 24.188646763745776,
      "y": 102.25957167551888
    },
    "23": {
      "x": -191.77167077006317,
      "y": 149.2441524675477
    },
    "24": {
      "x": -171.8458831847226,
      "y": 236.3136228055394
    },
    "25": {
      "x": -126.34443305304472,
      "y": 229.24801704389665
    },
    "26": {
      "x": -261.6765236467184,
      "y": 114.89514603132847
    },
    "27": {
      "x": -124.17180943371795,
      "y": 330.286958253638
    },
    "28": {
      "x": 529.1508056837338,
      "y": -284.9199371191502
    },
    "29": {
      "x": 467.98400309626237,
      "y": -345.7887994809649
    },
    "30": {
      "x": 372.6481898415664,
      "y": 4.89588861758692
    },
    "31": {
      "x": -268.95092786213417,
      "y": -61.45983802731493
    },
    "32": {
      "x": -31.236880586496966,
      "y": 304.46255494235754
    },
    "33": {
      "x": -478.2952420233759,
      "y": 252.1775914443253
    },
    "34": {
      "x": -178.05778944437344,
      "y": 486.9277383540097
    },
    "35": {
      "x": -7.4961526117030814,
      "y": 503.86891932037787
    },
    "36": {
      "x": 428.8499483367003,
      "y": 54.605457364439474
    },
    "37": {
      "x": 622.7601834882018,
      "y": -412.1149239853338
    },
    "38": {
      "x": -62.714432432705735,
      "y": -205.3466567022889
    },
    "39": {
      "x": -585.2924061703961,
      "y": 238.36557585084404
    },
    "40": {
      "x": 791.5982520525581,
      "y": -444.4926159091163
    },
    "41": {
      "x": 491.28259915748833,
      "y": -461.0674999169739
    },
    "42": {
      "x": -195.06231374651335,
      "y": -410.84787734838875
    },
    "43": {
      "x": -768.2711069347574,
      "y": 270.31603667717116
    },
    "44": {
      "x": -82.86049171101536,
      "y": -443.6272402155122
    },
    "45": {
      "x": 86.35353847005061,
      "y": -27.35751980389084
    },
    "46": {
      "x": -36.157793970243304,
      "y": -225.15319453624127
    },
    "47": {
      "x": 198.87041138421904,
      "y": -151.51118865593332
    },
    "48": {
      "x": 62.13918143563934,
      "y": 160.99453699768432
    },
    "49": {
      "x": -245.9759829238381,
      "y": -360.471333387836
    },
    "50": {
      "x": -12.48365141372846,
      "y": -473.332210334385
    },
    "51": {
      "x": 166.3320847980807,
      "y": 160.4559900293255
    },
    "52": {
      "x": 175.59039122626464,
      "y": 45.2083410580866
    },
    "53": {
      "x": 229.9131056263784,
      "y": -262.78402197107243
    }
  }
}