{
  "graph_settings": {
    "position": {
      "x": -422.8159487759813,
      "y": 13.90138282872628
    },
    "scale": 1.2914679690000006
  },
  "node_coordinates": {
    "1": {
      "x": -801.5346609668354,
      "y": 94.32772789533227
    },
    "2": {
      "x": -136.81306442917165,
      "y": 31.977525993759425
    },
    "3": {
      "x": -506.1917658948407,
      "y": 28.64461412143794
    },
    "4": {
      "x": -285.2048826768382,
      "y": -18.173891280314365
    },
    "5": {
      "x": -11.28169572146995,
      "y": 6.926131072774411
    },
    "6": {
      "x": -598.9245576590134,
      "y": 22.982571471886924
    },
    "7": {
      "x": -587.0427230959893,
      "y": 145.83119433507534
    },
    "8": {
      "x": -509.578402349364,
      "y": -38.45011179596942
    },
    "9": {
      "x": -351.17088269609144,
      "y": -149.15119514713973
    },
    "10": {
      "x": -356.5085299884985,
      "y": -91.66222674555922
    },
    "11": {
      "x": -306.4702067979345,
      "y": 92.30184127729258
    },
    "12": {
      "x": -684.5622274727546,
      "y": 53.139682608857974
    }
  }
}