{
  "graph_settings": {
    "position": {
      "x": -422.8159487759813,
      "y": 13.90138282872628
    },
    "scale": 1.2914679690000006
  },
  "node_coordinates": {
    "1": {
      "x": -801.5346609668354,
      "y": 94.32772789533227
    },
    "2": {
      "x": -114.35799725282115,
      "y": 49.78671720258915
    },
    "3": {
      "x": -472.89632146094164,
      "y": 21.675800170156762
    },
    "4": {
      "x": -248.03787493667184,
      "y": -101.79965869568875
    },
    "5": {
      "x": -11.28169572146995,
      "y": 6.926131072774411
    },
    "6": {
      "x": -598.9245576590134,
      "y": 22.982571471886924
    },
    "7": {
      "x": -587.0427230959893,
      "y": 145.83119433507534
    },
    "8": {
      "x": -509.578402349364,
      "y": -38.45011179596942
    },
    "9": {
      "x": -351.17088269609144,
      "y": -149.15119514713973
    },
    "10": {
      "x": -556.2811965918929,
      "y": -147.4127383558088
    },
    "11": {
      "x": -249.94538252643144,
      "y": 140.30922627500752
    },
    "12": {
      "x": -684.5622274727546,
      "y": 53.139682608857974
    }
  }
}