{
    "1": 0.501556,
    "12": 0.127455,
    "7": 0.107622,
    "2": 0.066257,
    "4": 0.054551,
    "11": 0.032892,
    "8": 0.02572,
    "3": 0.02437,
    "6": 0.023744,
    "9": 0.018615,
    "5": 0.016646,
    "10": 0.000573
}