{
    "7": 0.333359,
    "5": 0.321884,
    "6": 0.06845,
    "12": 0.052877,
    "17": 0.04188,
    "18": 0.037209,
    "16": 0.027819,
    "11": 0.027274,
    "3": 0.0196,
    "8": 0.014517,
    "10": 0.013913,
    "9": 0.011977,
    "4": 0.011165,
    "1": 0.006854,
    "19": 0.003815,
    "2": 0.003464,
    "15": 0.001745,
    "14": 0.001521,
    "13": 0.000678
}