{
    "6": 0.233321,
    "2": 0.188912,
    "5": 0.166218,
    "8": 0.095754,
    "9": 0.087632,
    "1": 0.069637,
    "7": 0.062512,
    "10": 0.053428,
    "4": 0.034849,
    "3": 0.007738
}