{
    "6": 0.258348,
    "1": 0.11331,
    "11": 0.102735,
    "3": 0.100541,
    "4": 0.07705,
    "2": 0.076769,
    "10": 0.068471,
    "7": 0.064406,
    "16": 0.050717,
    "13": 0.033844,
    "15": 0.028092,
    "17": 0.010837,
    "5": 0.009047,
    "8": 0.004137,
    "12": 0.001047,
    "14": 0.000617,
    "9": 3.1e-05
}