{
    "11": 0.14422,
    "4": 0.112314,
    "12": 0.106287,
    "15": 0.085368,
    "1": 0.083663,
    "6": 0.071311,
    "10": 0.070417,
    "3": 0.068663,
    "2": 0.05411,
    "19": 0.048759,
    "17": 0.042603,
    "5": 0.03766,
    "18": 0.026922,
    "13": 0.025529,
    "16": 0.015122,
    "14": 0.006146,
    "7": 0.000813,
    "9": 8.1e-05,
    "8": 1.2e-05
}